media,date,title,article_original,url,kobert,gensim
한겨레,2020-03-02,BTS 4연속 빌보드 정상비틀스 이래 최단기간 달성 그룹, 그룹 방탄소년단BTS의 새 앨범 맵 오브 더 솔 7MAP OF THE SOUL 7이 영국 오피셜 차트에 이어 빌보드까지 양대 팝 차트 1위에 올랐다. 한국 가수로서는 최초로 오피셜 차트에서 두 번 연속 정상에 오른 것은 물론 빌보드에서는 비틀스 이후 최단기간 동안 4개 앨범을 1위에 올려놓은 가수라는 기록을 쓰게 됐다. 미국 빌보드는 1일현지시각 방탄소년단의 새 앨범 맵 오브 더 솔 7이 메인 앨범 차트인 빌보드 200 최신 차트3월7일자에서 1위에 올랐다고 밝혔다. 이번 앨범은 지난달 28일 영국독일프랑스 등의 오피셜 앨범차트 1위에 올랐고 일본 오리콘차트 1위도 차지했다. 유럽과 일본을 넘어 미국까지 글로벌 앨범 시장을 모두 석권한 셈이다. 빌보드 200은 빌보드 양대 차트빌보드 200 핫 100 중 하나로 메인 앨범 순위를 매기는 차트다. 실물 음반 판매량에다 스트리밍 횟수와 디지털 음원 다운로드 횟수를 각각 앨범 판매량으로 환산한 수치를 합산해 순위를 매긴다. 음원 10곡을 다운받거나 1500곡을 스트리밍한 경우 음반 1장을 산 것으로 간주한다. 빌보드가 인용한 닐슨뮤직 데이터의 자료를 보면 지난달 21일 발매된 이 앨범은 27일까지 총 42만2000장의 판매고를 올렸다. 이 가운데 실물 앨범 판매량은 34만7000장이다. 이외에 스트리밍 횟수를 앨범 판매량으로 환산한 수치가 4만8000장 디지털 음원 다운로드 횟수를 앨범 판매량으로 환산한 수치는 2만6000장으로 집계됐다. 방탄소년단은 이번 1위로 아시아에선 처음으로 네 장의 앨범을 연이어 빌보드 정상에 올린 가수가 됐다. 방탄소년단은 2018년 6월 러브 유어셀프 전 티어로 빌보드 200 1위에 처음 올랐다. 이후 2018년 9월 러브 유어셀프 결 앤서 지난해 4월 맵 오브 더 솔 페르소나에 이어 이번 앨범까지 1년9개월 만에 4회 연속 빌보드 200 1위를 차지했다. 빌보드는 방탄소년단이 영국의 전설적인 밴드 비틀스 이래 최단기간 동안 빌보드 200에서 4개 앨범 1위를 달성한 가수가 됐다고 전했다. 앞서 비틀스는 지난 1966년 7월 예스터데이 앤 투데이부터 1968년 1월 매지컬 미스터리 투어까지 1년5개월 만에 4장의 앨범 모두를 빌보드 200 1위에 올린 바 있다. 이젠 방탄소년단이 단일 곡의 성적을 보여주는 싱글 차트에서 어떤 성적을 낼지가 주목거리다. 앞서 작은 것들을 위한 시Boy With Luv는 빌보드 종합 싱글 차트인 핫 100에서 8위까지 올랐고 영국 오피셜 차트에서는 13위를 기록한 바 있다.,https://news.naver.com/main/read.nhn?mode=LSD&mid=sec&sid1=103&oid=028&aid=0002487453,그룹 방탄소년단BTS의 새 앨범 맵 오브 더 솔 7MAP OF THE SOUL 7이 영국 오피셜 차트에 이어 빌보드까지 양대 팝 차트 1위에 올랐다. 빌보드가 인용한 닐슨뮤직 데이터의 자료를 보면 지난달 21일 발매된 이 앨범은 27일까지 총 42만2000장의 판매고를 올렸다. 이외에 스트리밍 횟수를 앨범 판매량으로 환산한 수치가 4만8000장 디지털 음원 다운로드 횟수를 앨범 판매량으로 환산한 수치는 2만6000장으로 집계됐다. 이후 2018년 9월 러브 유어셀프 결 앤서 지난해 4월 맵 오브 더 솔 페르소나에 이어 이번 앨범까지 1년9개월 만에 4회 연속 빌보드 200 1위를 차지했다.,"한국 가수로서는 최초로 오피셜 차트에서 두 번 연속 정상에 오른 것은 물론 빌보드에서는 비틀스 이후 최단기간 동안 4개 앨범을 1위에 올려놓은 가수라는 기록을 쓰게 됐다.
이번 앨범은 지난달 28일 영국독일프랑스 등의 오피셜 앨범차트 1위에 올랐고 일본 오리콘차트 1위도 차지했다.
실물 음반 판매량에다 스트리밍 횟수와 디지털 음원 다운로드 횟수를 각각 앨범 판매량으로 환산한 수치를 합산해 순위를 매긴다.
빌보드는 방탄소년단이 영국의 전설적인 밴드 비틀스 이래 최단기간 동안 빌보드 200에서 4개 앨범 1위를 달성한 가수가 됐다고 전했다."
경향신문,2020-06-08,BTS 유튜브 주최 가상 졸업식 디어 클래스 오브 2020 축사 꽃다발은 없어도 가장 특별한 날우리가 위로와 희망이 되고 싶다, 그룹 방탄소년단BTS이 코로나19 확산으로 오프라인 졸업식에 가지 못하는 졸업생들을 위해 축사를 했다. BTS의 리더 RM은 2020년은 참 많은 일들이 있었지만 그래도 여러분들은 해냈다며 비록 꽃다발과 학사모는 없지만 오늘은 역사상 가장 특별한 졸업식이 될 것이라고 말했다. BTS는 한국시간으로 8일 오전 4시 유튜브로 중계된 가상 졸업식 디어 클래스 오브 2020Dear Class of 2020에 참석했다. 디어 클래스 오브 2020은 코로나19 여파로 오프라인 졸업식에 가지 못하는 졸업생들을 위해 유튜브가 주최한 온라인 졸업식이다. BTS는 국내 인사 중 유일하게 연사로 나서 12분가량 영상을 통해 축사했다. 해당 영상은 서울 용산구 국립중앙박물관에서 촬영됐다. RM은 대한민국 서울에서 온 여러분과 같은 20대 청춘으로서 축하의 말씀을 전한다며 저와 저희 멤버들이 하는 얘기가 어떤 식으로든 위로와 희망이 되고 영감이 되면 좋겠다고 말했다. 또 중학교 시절 눈 내리는 졸업식 때 찍은 사진을 학창 시절 내내 메신저 메인사진으로 걸어뒀다며 그때의 두려움과 벅찬 마음이야말로 나 자신의 진짜 모습이었기 때문에 항상 그런 마음으로 살고 싶었기 때문이 아닐까 한다고 말했다. 진은 고등학교 졸업식 때 막 대학 입학을 앞둔 평범한 스무살이었다고 회상하며 낯선 세상으로 나아가는 것이 두려웠다고 고백했다. 그는 때로는 앞서가는 친구들이 신경 쓰이고 조급한 마음이 들기도 했지만 걸음이 느린 대신 남들보다 시간을 조금 더 들이는 습관을 갖게 됐다. 춤 연습을 하더라도 멤버들보다 며칠 앞서 준비를 시작한다고 말했다. 지민은 모두 잘 지내고 있으면 좋겠지만 조금이라도 괜찮지 않다면 온 마음 다해 위로해주고 싶다며 여기 한국이라는 나라 서울이라는 도시에 나를 이해해주는 사람이 있다는 걸 꼭 기억해주면 좋겠다고 말했다. 뷔는 졸업을 앞두고 무얼 해야 하는지 잘 보이지 않는 분이 있다면 자신의 진심에 기대 보라며 지금은 조금 힘들어도 그 끝자락 어딘가에 기회와 행운이 기다리고 있지 않을까 생각한다고 말했다. RM은 축사 말미에 최근 우리도 중요한 계획들이 물거품이 되면서 혼란한 시간을 겪었고 그 불안감과 상실감은 아직 저희 마음 어딘가에 남아 있다며 사랑하는 사람들을 생각하면서 다시 마음을 추스르고 새로운 음악 작업에 몰두하고 있다고 전했다. 행사에는 버락 오바마 전 미국 대통령 부부 순다르 피차이 구글 최고경영자CEO 최연소 노벨평화상 수상자인 말랄라 유사프자이 팝스타 비욘세 등 다양한 인사들이 연사로 참여했다. 저스틴 팀버레이크 션 멘데스 테일러 스위프트 제니퍼 로페즈 등도 스페셜 게스트로 짤막한 축하 메시지를 전달했다.,https://news.naver.com/main/read.nhn?mode=LSD&mid=sec&sid1=106&oid=032&aid=0003013735,그룹 방탄소년단BTS이 코로나19 확산으로 오프라인 졸업식에 가지 못하는 졸업생들을 위해 축사를 했다. BTS의 리더 RM은 2020년은 참 많은 일들이 있었지만 그래도 여러분들은 해냈다며 비록 꽃다발과 학사모는 없지만 오늘은 역사상 가장 특별한 졸업식이 될 것이라고 말했다. 저스틴 팀버레이크 션 멘데스 테일러 스위프트 제니퍼 로페즈 등도 스페셜 게스트로 짤막한 축하 메시지를 전달했다.,"디어 클래스 오브 2020은 코로나19 여파로 오프라인 졸업식에 가지 못하는 졸업생들을 위해 유튜브가 주최한 온라인 졸업식이다.
RM은 대한민국 서울에서 온 여러분과 같은 20대 청춘으로서 축하의 말씀을 전한다며 저와 저희 멤버들이 하는 얘기가 어떤 식으로든 위로와 희망이 되고 영감이 되면 좋겠다고 말했다.
또 중학교 시절 눈 내리는 졸업식 때 찍은 사진을 학창 시절 내내 메신저 메인사진으로 걸어뒀다며 그때의 두려움과 벅찬 마음이야말로 나 자신의 진짜 모습이었기 때문에 항상 그런 마음으로 살고 싶었기 때문이 아닐까 한다고 말했다."
경향신문,2020-06-15,BTS 온라인 콘서트 방방콘 The Live로 107개 지역 75만 아미 만났다, 그룹 방탄소년단이 실시간 라이브 공연 방방콘 The Live를 열어 75만 6600여명의 아미들과 뜨거운 교감을 나눴다. 한국과 미국 영국 일본 중국 등 총 107개 지역에서 이번 공연을 관람했다. 방탄소년단은 지난 14일 오후 6시부터 약 100분 동안 온라인을 통해 방방콘 The Live를 개최했다. 공연은 방탄소년단의 방으로 팬들을 초대하는 콘셉트로 다양한 분위기로 꾸며진 무대를 이동하며 공연을 펼쳐 보는 재미를 더했다. 무대 디자인은 총 5개의 방과 2개의 스테이지로 구성됐으며 실제 방으로 들어가는 듯한 느낌을 위해 복도까지 배치해 공연 내내 친근하고 자유분방한 느낌이 물씬 풍겼다. 방탄소년단은 방을 옮겨 다니며 쩔어 흥탄소년단 좋아요 하루만을 비롯해 Jamais Vu Respect 친구 Black Swan 작은 것들을 위한 시 고민보다 Go Anpanman 봄날 등 총 12곡을 불렀다. 이는 6개 멀티뷰 화면으로 더욱 생동감 있게 펼쳐졌다. 이번 방방콘 The Live 공연은 최근 빅히트와 업무협약을 맺은 미국의 라이브 스트리밍 솔루션 기업인 키스위 모바일과의 협업으로 진행됐다. 빅히트와 키스위 모바일은 멀티뷰 스트리밍 시스템을 구축해 팬들은 정해진 화면이 아니라 동시에 재생되는 각기 다른 6개 멀티뷰 화면 중에서 보고 싶은 화면을 실시간으로 선택해 공연을 풍성하게 즐겼다. 마치 영상통화를 하는 것처럼 멤버들을 가까이서 볼 수 있는 클로즈업부터 화려한 안무를 만끽할 수 있는 풀 샷까지 다양했다. 방탄소년단은 오랜 기간 동안 콘서트를 기다린 팬들을 위해 특별한 선물을 준비하기도 했다. 멤버들은 투어 공연의 맛보기로 준비했다며 정규 4집 선공개곡 Black Swan과 새로운 퍼포먼스로 재탄생한 작은 것들을 위한 시 Boy With Luv를 공개했다. 특히 콘서트를 위해 새롭게 구성한 작은 것들을 위한 시 Boy With Luv는 아미밤과 연동해 색이 변하는 LED 우산을 이용한 안무가 더해져 무대를 더욱 빛나게 만들었다. 지난 2월 발매한 정규 4집 맵 오브 더 솔 7MAP OF THE SOUL 7의 수록곡 Jamais Vu Respect 친구 등은 이번 콘서트에서 처음 불렸다. 멤버들은 유닛 곡을 통해 다채로운 LED 화면과 버스정류장 콘셉트 등 이색적인 세트와 무대 의상으로 풍성한 볼거리를 선사했다. 이어 음악 작업실처럼 꾸며놓은 방에 모여 자유분방한 모습으로 정규 4집에 담긴 욱UGH과 0000Zero OClock의 일부를 부르며 분위기를 띄웠다. 방방콘 The Live의 최고 동시 접속자 수 75만 6600여명은 총 관객 5만명의 스타디움 공연 15회를 펼쳤을 때 수용할 수 있는 인원이다. 이는 전 세계에서 진행된 유료 온라인 콘서트 중 가장 큰 규모다. 이번 콘서트 개최로 방탄소년단의 유료 팬클럽 가입자도 1만명 이상 늘어났다. 방탄소년단은 공연을 마치며 전 세계 아미들을 향해 감사의 인사와 응원의 메시지를 건넸다. 제이홉은 열심히 준비한 만큼 무대를 사랑하는 우리의 마음이 전달됐으면 좋겠다. 무대를 하고 땀을 흘리니까 행복하다고 벅찬 소감을 밝혔다. 지민은 여러분이 없는 이 시간에도 우리끼리 성장을 해보려고 노력하는 중이고 잘 극복해 가고 있다. 여러분들도 이 시간에 여러분들을 더 행복하게 할 수 있는 시간들을 찾아내서 잘 극복해 웃는 얼굴로 만날 수 있으면 좋겠다고 말했다. 슈가는 전 세계에서 우리의 공연과 모습을 보고 계신 거니까 감사드린다. 꼭 다시 만나자고 전했고 이어 뷔는 빨리 공연을 할 수 있으면 좋겠다. 아미분들을 눈으로 보고 싶다고 덧붙였다. 정국은 세계 곳곳에서 많은 사랑을 보내주셔서 힘을 내서 무대를 했고 이 무대가 우리의 또 어떤 스타트가 됐으면 좋겠다고 말했다. 진과 RM은 각각 함께한 시간 너무 행복했고 기회가 된다면 여러분들을 꼭 보러 가겠다 방탄소년단과 아미의 봄날은 분명히 다시 올 것이라고 했다.,https://news.naver.com/main/read.nhn?mode=LSD&mid=sec&sid1=106&oid=032&aid=0003014856,그룹 방탄소년단이 실시간 라이브 공연 방방콘 The Live를 열어 75만 6600여명의 아미들과 뜨거운 교감을 나눴다. 빅히트와 키스위 모바일은 멀티뷰 스트리밍 시스템을 구축해 팬들은 정해진 화면이 아니라 동시에 재생되는 각기 다른 6개 멀티뷰 화면 중에서 보고 싶은 화면을 실시간으로 선택해 공연을 풍성하게 즐겼다. 특히 콘서트를 위해 새롭게 구성한 작은 것들을 위한 시 Boy With Luv는 아미밤과 연동해 색이 변하는 LED 우산을 이용한 안무가 더해져 무대를 더욱 빛나게 만들었다. 방탄소년단은 공연을 마치며 전 세계 아미들을 향해 감사의 인사와 응원의 메시지를 건넸다. 지민은 여러분이 없는 이 시간에도 우리끼리 성장을 해보려고 노력하는 중이고 잘 극복해 가고 있다.,"공연은 방탄소년단의 방으로 팬들을 초대하는 콘셉트로 다양한 분위기로 꾸며진 무대를 이동하며 공연을 펼쳐 보는 재미를 더했다.
방탄소년단은 방을 옮겨 다니며 쩔어 흥탄소년단 좋아요 하루만을 비롯해 Jamais Vu Respect 친구 Black Swan 작은 것들을 위한 시 고민보다 Go Anpanman 봄날 등 총 12곡을 불렀다.
특히 콘서트를 위해 새롭게 구성한 작은 것들을 위한 시 Boy With Luv는 아미밤과 연동해 색이 변하는 LED 우산을 이용한 안무가 더해져 무대를 더욱 빛나게 만들었다."
경향신문,2020-09-15,방탄소년단 미국 빌보드 싱글 차트 2위3주째 최상위권, 그룹 방탄소년단BTS의 다이너마이트Dynamite가 미국 빌보드 메인 싱글 차트에서 발매 3주 차 2위를 기록했다. 빌보드는 14일이하 현지시간 방탄소년단 다이너마이트가 메인 싱글 차트인 핫 100에서 발매 3주 차인 이번 주 2위를 차지했다고 밝혔다. 지난달 21일 공개한 방탄소년단의 디지털 싱글 다이너마이트는 발매 한국 가수 최초로 첫 주 핫 100에 1위로 데뷔한 뒤 2주 연속 정상을 지켰다. 1위 데뷔 후 2주 연속 정상을 유지한 곡은 빌보드 사상 20곡에 불과하다. 다이너마이트가 발매 3주차에도 미국 내 대중적 흥행의 척도로 불리는 빌보드 100에서 최상위권을 기록한 것은 이 곡이 미국 내에서 지속적인 인기를 누리고 있음을 보여준다. 핫 100은 매주 미국 내 스트리밍 실적과 음원 판매량 라디오 방송 횟수 등을 종합해 순위를 낸다. 빌보드에 따르면 다이너마이트의 발매 3주 차9월 410일 미국 내 스트리밍은 전주보다 24 줄어든 1330만 회를 기록했다. 다운로드음원 판매도 전주보다 25 줄어들기는 했지만 13만 6000건이라는 높은 수치를 보였다. 발매 후 3주 연속으로 13만 6000건 이상의 다운로드를 기록한 곡은 2016년 체인스모커스와 할시의 클로저 이후 처음이라고 빌보드는 밝혔다. 방탄소년단은 디지털 송 세일즈 차트에서 3주 연속 1위를 차지했다. 미국 일반 대중에게 노래가 노출되는 창구인 라디오에서도 계속해서 인기가 상승하고 있다. 다이너마이트는 전주보다 14보다 늘어난 1840만명의 라디오 청취자에게 노출됐다. 빌보드는 이 곡이 모든 장르의 라디오 방송 횟수로 집계하는 라디오 차트인 라디오 송즈에 방탄소년단 곡으로는 처음으로 진입49위했다고도 밝혔다. 방탄소년단은 9월 19일자 차트부터 신설된 빌보드 글로벌 200과 빌보드 글로벌미국 제외 차트에서도 모두 2위에 올랐다. 두 차트는 닐슨뮤직 데이터를 기반으로 200개 이상 지역의 스트리밍과 판매량을 집계해 순위를 매긴다. 빌보드에 따르면 다이너마이트는 집계 기간 내 전 세계에서 가장 많이 판매된 곡이다. 다이너마이트는 세계 최대 음악 스트리밍 업체 스포티파이 최신 차트9월 13일 자 글로벌 톱 50에서도 4위에 오르며 최상위권 성적을 유지하고 있다. 이번 주 핫 100 1위는 카디 비와 메건 더 스탤리언의 WAP이 차지했다. 이날 상위 10위권 곡이 먼저 발표됐으며 전체 순위는 15일 공개된다. 방탄소년단은 한국시간으로 오는 17일 미국 NBC 아메리카 갓 탤런트 19일 음악 축제 아이하트라디오 뮤직 페스티벌에 각각 출연해 다이너마이트 무대를 선보일 예정이다.,https://news.naver.com/main/read.nhn?mode=LSD&mid=sec&sid1=103&oid=032&aid=0003032492,그룹 방탄소년단BTS의 다이너마이트Dynamite가 미국 빌보드 메인 싱글 차트에서 발매 3주 차 2위를 기록했다. 다이너마이트가 발매 3주차에도 미국 내 대중적 흥행의 척도로 불리는 빌보드 100에서 최상위권을 기록한 것은 이 곡이 미국 내에서 지속적인 인기를 누리고 있음을 보여준다. 핫 100은 매주 미국 내 스트리밍 실적과 음원 판매량 라디오 방송 횟수 등을 종합해 순위를 낸다. 다이너마이트는 전주보다 14보다 늘어난 1840만명의 라디오 청취자에게 노출됐다.,"빌보드는 14일이하 현지시간 방탄소년단 다이너마이트가 메인 싱글 차트인 핫 100에서 발매 3주 차인 이번 주 2위를 차지했다고 밝혔다.
지난달 21일 공개한 방탄소년단의 디지털 싱글 다이너마이트는 발매 한국 가수 최초로 첫 주 핫 100에 1위로 데뷔한 뒤 2주 연속 정상을 지켰다.
빌보드에 따르면 다이너마이트의 발매 3주 차9월 410일 미국 내 스트리밍은 전주보다 24 줄어든 1330만 회를 기록했다.
방탄소년단은 디지털 송 세일즈 차트에서 3주 연속 1위를 차지했다.
다이너마이트는 전주보다 14보다 늘어난 1840만명의 라디오 청취자에게 노출됐다."
조선일보,2020-09-17,방탄소년단 빅히트 공모주 다이너마이트 터지나, 내달 56일 코스피 일반 청약 신주 713만주 중 142만주 배정 청약증거금 58조원을 끌어모으며 코스닥 시장에 화려하게 등판한 카카오게임즈 열풍이 잦아들자 이제 투자자들의 관심은 다음 공모주 대어인 빅히트엔터테인먼트빅히트로 옮겨가고 있다. 빅히트는 소속 아이돌 그룹인 BTS방탄소년단가 신곡 다이너마이트로 지난 1일 빌보드 메인 차트인 핫hot 100에서 1위를 차지하자 바로 다음 날인 2일 금융 당국에 증권신고서를 제출하고 본격적으로 코스피 시장 상장 절차에 돌입했다. 빅히트는 오는 24일부터 이틀간 국내외 기관 투자자를 대상으로 수요 예측 조사를 진행한 후 다음 달 56일 개인투자자를 대상으로 일반 청약을 진행할 예정이다.  나도 BTS에 투자해볼까 빅히트는 작곡가이자 프로듀서인 방시혁 대표가 2005년 설립한 연예기획사다. 주요 사업은 소속 가수를 활용한 음반 및 음원 제작유통판매 공연 출판 기념 상품 제작 및 판매등이다. 소속 가수로는 BTS와 투모로우바이투게더TXT 두 팀이 있으며 지난 1년간 플레디스엔터테인먼트와 쏘스뮤직을 인수해 인기 그룹 여자친구 세븐틴 뉴이스트 등을 새로 품었다. 빅히트는 이번 공모를 통해 기존 발행 주식2849만3760주의 25 수준인 713만주를 새로 발행한다. 공모 예정가는 10만5000원13만5000원으로 총 공모 예정액은 7486억9625억원 수준이다. 신주 713만주 가운데 20142만6000주는 우리사주조합에 배정되며 60427만8000주는 기관투자자에게 배정된다. 일반 청약을 통해 개인 투자자들이 살 수 있는 물량은 나머지 20142만6000주다. 빅히트의 예상 시가총액은 공모가를 기준으로 할 때 최대 4조8500억원 수준으로 기존 연예기획사 빅3YG JYP SM의 시총을 모두 합한 금액약 3조4000억원보다 더 많다. 김현용 이베스트투자증권 연구원은 BTS가 미국을 점령한 유일무이한 K팝 그룹이라는 점 아시아 지역 외 공연 비율이 절반에 달하고 누적 음반판매량이 3000만장에 육박한다는 점에서 빅히트에 1등주 프리미엄이 적용된 것으로 보인다고 말했다. 앞서 증시에 상장된 SK바이오팜과 카카오게임즈의 주가가 공모가 대비 몇 배씩 오른 것을 감안하면 빅히트의 시총은 훨씬 더 높아질 것으로 전망된다. 빅히트가 상장할 경우 방시혁 대표뿐 아니라 우리사주를 배정받은 빅히트 직원들 역시 억대의 수익을 얻게 된다. 지난 7월 말 기준 빅히트의 직원 수는 313명으로 평균 4556주씩 빅히트 주식을 보유하게 된다. 빅히트의 공모가가 13만5000원으로 결정되고 상장 첫날 따상상장일 공모가의 2배로 시초가 형성 후 상한가 진입에 성공할 경우35만1000원 1인당 약 9억8000만원의 평가 차익을 얻게 된다.  BTS 의존 비율 88 멤버들 군 입대 문제도 빅히트는 올 상반기 코로나 사태에도 불구하고 연결 기준 매출액 2940억원을 기록하며 국내 기획사 중 가장 좋은 성적을 냈다. 영업이익은 498억원으로 나머지 빅3의 영업이익을 모두 합한 것보다 많다. 특히 빅히트는 다른 기획사와는 달리 전통적인 엔터 산업에 IT기술을 접목해 눈길을 끌고 있다. 팬 커뮤니티 겸 콘텐츠 판매 창구인 스마트폰 애플리케이션앱 위버스와 커머스 앱 위버스샵을 자체적으로 운영하며 수익을 극대화하고 있는 것이다. 빅히트는 이들 플랫폼을 통해 BTS의 온라인 공연과 다큐멘터리 등 콘텐츠는 물론 티셔츠 모자 가방 등 다양한 굿즈기념품를 판매하고 있다. 올 상반기 기준 위버스위버스샵 매출은 총 1127억원으로 전체 매출의 38.3에 달했다 하지만 BTS에 대한 의존도가 과도하다는 점이 빅히트 투자의 위험 요소로 꼽힌다. 지난해 빅히트 매출의 BTS 의존도는 97에 달했다. 빅히트는 올해 다른 기획사들을 인수합병 가수 라인업을 다양화하며 BTS에 대한 의존도를 올 상반기 88까지 낮췄지만 여전히 높은 수치다. BTS 멤버들의 군 입대 문제가 기업 가치 하락으로 이어질 수 있다는 점도 불확실성을 높이고 있다. 2011년 코스닥 시장에 상장한 YG엔터테인먼트 역시 그룹 빅뱅에 대한 의존도가 당시 70에 달해 멤버들의 군 입대 문제가 위험 요소로 꼽혔었다. 빅히트는 증권신고서에서 출생년도가 가장 빠른 멤버 진김석진28은 2021년 말일까지 입영 연기가 가능할 것으로 판단하고 있다고 밝혔다.,https://news.naver.com/main/read.nhn?mode=LSD&mid=sec&sid1=101&oid=023&aid=0003562484,내달 56일 코스피 일반 청약 신주 713만주 중 142만주 배정 청약증거금 58조원을 끌어모으며 코스닥 시장에 화려하게 등판한 카카오게임즈 열풍이 잦아들자 이제 투자자들의 관심은 다음 공모주 대어인 빅히트엔터테인먼트빅히트로 옮겨가고 있다. 신주 713만주 가운데 20142만6000주는 우리사주조합에 배정되며 60427만8000주는 기관투자자에게 배정된다. 빅히트의 예상 시가총액은 공모가를 기준으로 할 때 최대 4조8500억원 수준으로 기존 연예기획사 빅3YG JYP SM의 시총을 모두 합한 금액약 3조4000억원보다 더 많다. 팬 커뮤니티 겸 콘텐츠 판매 창구인 스마트폰 애플리케이션앱 위버스와 커머스 앱 위버스샵을 자체적으로 운영하며 수익을 극대화하고 있는 것이다. 빅히트는 이들 플랫폼을 통해 BTS의 온라인 공연과 다큐멘터리 등 콘텐츠는 물론 티셔츠 모자 가방 등 다양한 굿즈기념품를 판매하고 있다. 2011년 코스닥 시장에 상장한 YG엔터테인먼트 역시 그룹 빅뱅에 대한 의존도가 당시 70에 달해 멤버들의 군 입대 문제가 위험 요소로 꼽혔었다.,"BTS 의존 비율 88 멤버들 군 입대 문제도 빅히트는 올 상반기 코로나 사태에도 불구하고 연결 기준 매출액 2940억원을 기록하며 국내 기획사 중 가장 좋은 성적을 냈다.
올 상반기 기준 위버스위버스샵 매출은 총 1127억원으로 전체 매출의 38.3에 달했다 하지만 BTS에 대한 의존도가 과도하다는 점이 빅히트 투자의 위험 요소로 꼽힌다.
지난해 빅히트 매출의 BTS 의존도는 97에 달했다.
2011년 코스닥 시장에 상장한 YG엔터테인먼트 역시 그룹 빅뱅에 대한 의존도가 당시 70에 달해 멤버들의 군 입대 문제가 위험 요소로 꼽혔었다."
조선일보,2020-09-20,다이너마이트 영어로 부른 BTS   방탄 노래는 들려 따라갈 수 있겠다 영상, 문재인 대통령이 방탄소년단BTS의 노래에 대해 그들의 노래와 춤 모두를 좋아한다고 말했다고 강민석 청와대 대변인이 20일 전했다. BTS의 노래를 실제로 대통령이 좋아하느냐는 질문이 있다는 대변인의 물음에 문 대통령이 이렇게 답했다고 한다. 문 대통령은 BTS의 노래와 춤을 듣고 보다 보면 경지에 오른 청년들 같다며 아이돌 음악은 따라가지 못할 일도 있는데 방탄의 노래는 들린다. 따라갈 수 있겠다고 말했다고 청와대는 밝혔다. BTS가 이번에 빌보드 싱글 차트에서 1위를 차지한 다이너마이트 가사는 모두 영어로 이뤄져 있다. 문 대통령은 그래서 노장청 팬층이 두터운 것 같다고 말했다고 청와대는 밝혔다. 강 대변인은 문 대통령과 BTS는 지난 1월 SNS 메시지를 보내고 감사 댓글을 달면서 소통한 일이 있다고 했다. 강 대변인은 BTS가 19일 청와대에서 열린 청년의날 행사에 참석한 것을 두고 BTS가 청년 대표로 나서 이정표 없는 아티스트의 길을 어떻게 걸어왔는지 오기와 패기 열정과 독기로 예측할 수 없는 길을 나섰다는 메시지를 또래 청년들에게 불어넣어 준 자리라고 평가했다. RM 안녕하세요. 방탄소년단의 리더 RM입니다. 오늘 제1회 청년의 날을 맞아 이 자리에 섰습니다. 초대해 주셔서 진심으로 감사드립니다. 오늘 탄생한 청년의 날이 19년 후 진짜 청년이 되는 날 문득 그날을 한 번 떠올려봅니다. 저희는 오늘 미래의 주인공이 되어있을 그 날의 청년 분들께 메시지를 전해보려고 합니다. 미래의 청년 여러분 잘 지내고 계십니까. 먼저 전 세계 어딘가에서 지금도 도전을 멈추지 않고 용기 있게 삶을 이끌고 계실 대한민국의 모든 청년분들께 응원의 말씀을 전합니다. 지금부터는 스물일곱. 많지 않은 나이지만 롤러코스터와 같은 삶을 살고 있는 어느 일곱 청년의 이야기를 들려드리려고 합니다. 만약 미래의 삶에서 여러 가지 이유로 어려움을 겪고 계시다면 2020년 저희의 이야기가 작은 힘이 되기를 바랍니다. 19일 오전 청와대 녹지원에서 열린 제1회 청년의날 기념식에서 방탄소년단BTS이 청년대표로 참석 청년들을 향한 응원의 메시지를 보내고 있다. 2020.9.19연합뉴스 제이홉 빌보드 1위 가수. 글로벌 슈퍼스타. 저희는 요즘 이런 멋진 표현들을 듣고 있습니다. 하지만 아직도 너무 비현실적인 기분입니다. 사실 시대와 관계없이 아이돌 아티스트라는 직업은 이정표가 없는 길과 같습니다. 음악이란 큰 꿈 하나 메고 떠나지만 내가 걷는 길이 어디를 향하고 있는지 이제부터 오르막인지 내리막인지 한참 가다가 너무 힘들어 멈췄을 때 조금만 더 가면 코앞이 낙원일 지 낭떠러지인지 알 수 없습니다. 저희의 시작은 그랬습니다. 슈가 지금으로부터 7년 전인 데뷔 초 방탄소년단은 오기와 패기 열정과 독기를 무기삼아 감히 예측도 할 수 없는 그런 길을 걷기 시작했습니다. 누구보다 더 성공하고 싶었습니다. 작은 회사에서 데뷔해 많은 어려움 걱정과 맞서가며 어쩌면 무모하고 어쩌면 바보 같을 만큼 앞뒤 돌아보지 않고 열심히 했습니다. 무엇을 어떻게 해야 할 지도 몰랐지만 먼 훗날 다 추억이 될 것이고 지금 힘든 것들은 다 지나갈 것이다 그렇게 절실하게 주문을 외웠던 것 같습니다. 지민 쉬지 않고 달린 것 같은데 분명 우리는 열심히 하고 있는데 참 오랜 시간 동안 제자리였습니다. 서로 예민해지고 다투고 지쳐갈 때쯤 일곱 명이 한 자리에 모였습니다. 저희의 일을 도와주시던 형들이 해 주시던 말씀 너희를 다 이해할 순 없지만 마음이 많이 아프다. 함께 힘을 내 보자. 어쩌면 너무나 평범한 그 한 마디 따뜻한 그 말이 저희에게는 큰 힘이 됐습니다. 어디로 가야할 지 모르는 청년들에게 큰 불빛이 됐습니다. 진 그 시절 스무 살이 갓 지났던 저는 또 다른 현실과 싸워야 했습니다. 데뷔하기 전엔 노력만 하면 뭐든 될 거라 생각했습니다. 하지만 데뷔를 하고 보니 노력보다는 재능이 필요했습니다. 아무리 열심히 해도 친구들을 따라가기 어렵다는 생각이 들었고 저의 자신감 자존감은 크게 아파했습니다. 그러던 어느 순간 문득 깨닫게 됐죠. 진짜 내 모습은 뭘까 지금 내 모습에 더 당당해져도 되지 않을까 자신을 믿어보자. 제이홉 어느 새 방탄소년단이 걷던 길은 조금씩 넓어지고 밝아졌습니다. 팬들의 행복한 얼굴도 보이고 그렇게 마냥 괜찮을 줄 알았습니다. 하지만 생각지도 못한 큰 사랑과 관심만큼 저희의 그림자도 점점 크고 무거워졌습니다. 음악을 사랑했던 우리의 마음까지 짓누르기 시작했습니다. 우리는 누구인가 어떤 사랑을 받고 있는가 치열하게 자신을 다그치며 되물을 수밖에 없었습니다. 뷔 몸과 마음이 너무 지쳤던 것 같습니다. 이젠 내가 어디로 가는 건지 좋아 보이는 이 길도 내가 원치 않는 길은 아니었을지 목표를 잃어버린 듯 했습니다. 행복하지 않았고 공허함이 밀려왔습니다. 감정의 늪에서 빠져나오기 위해 정말 열심히 노력했습니다. 지금 이 순간 스스로에게 솔직해지자. 감정 하나 하나까지 느끼고 쏟아내자. 정국 마치 거짓말처럼 멤버들과 팬들을 생각하며 다시 한번 힘내 보기로 했습니다. 아무것도 없는 길에서 시작했는데 이젠 서로가 서로의 이정표가 된 것 같았습니다. 함께 하는 것이 고맙고 서로에게 도움이 되고 싶다는 마음이 우리의 할 일이 무엇인지 자연스럽게 알게 해줬습니다. 혼자 걸었다면 이렇게 멀리 오지도 못했을 것입니다. 즐겁게 춤추며 달려가지도 못했을 것입니다. RM 2018년 무렵 과분한 성공을 얻고 일곱 멤버가 모두 방황하던 때가 생각납니다. 걷고 있는 길에 꽃밭이 펼쳐지고 탐스런 열매가 떨어져도 저희는 그 길이 늘 그럴 것이다 믿지 못합니다. 언제 다시 내리막이 시작되고 또 폭우가 쏟아질지 모르기 때문이죠. 그런 불안과 우울의 끝에서 저희 일곱은 다시 소년이 된 듯 서로에게 꿈과 믿음을 불어넣기 시작했습니다. 그리고 2020년 8월이 됐습니다. 빌보드 1위. 그리고 또 한 번 빌보드 1위. 우리가 다시 일어섰을 때 주신 이 상들 우리 일곱 명 모두 눈물을 흘리며 감사했습니다. 하지만 더욱 감사한 건 지난 십 년 동안 포기와 낙오의 순간에 서로 단단히 붙잡고 의지가 되어 준 우리 멤버들과 팬들입니다. 진 미래의 청년 여러분 미래가 되어 우리가 서로 청년과 어른으로 마주하게 되어도 이쪽이 맞는 길이다. 방법은 이게 좋다. 이런 삶이 훌륭하다. 이것이 정답이다 말하지 않겠습니다. 대한민국의 청년들은 늘 강하고 대단했습니다. 대신 순간의 행복과 불행이 인생 전체를 좌우하지 않도록 2020년의 방탄소년단이 해낸 것처럼 항상 스스로 일어설 수 있게 지켜드리겠습니다. 여러분이 함께 돕고 의지하며 갈 수 있게 격려해드리겠습니다. 어제의 청년들처럼 오늘의 청년들처럼 지금까지 해왔던 것처럼 멈추지 않고 계속 씩씩하게 걸어가시길 바랍니다. 여러분의 훌륭한 생각으로 세상을 변화시키고 그보다 더 미래의 청년을 위해 앞장서 시대의 불빛이 되어주기를 바랍니다. 방탄소년단이 대한민국의 모든 청년 분들을 응원하겠습니다.,https://news.naver.com/main/read.nhn?mode=LSD&mid=sec&sid1=100&oid=023&aid=0003563200,문재인 대통령이 방탄소년단BTS의 노래에 대해 그들의 노래와 춤 모두를 좋아한다고 말했다고 강민석 청와대 대변인이 20일 전했다. 오늘 탄생한 청년의 날이 19년 후 진짜 청년이 되는 날 문득 그날을 한 번 떠올려봅니다. 많지 않은 나이지만 롤러코스터와 같은 삶을 살고 있는 어느 일곱 청년의 이야기를 들려드리려고 합니다. 지민 쉬지 않고 달린 것 같은데 분명 우리는 열심히 하고 있는데 참 오랜 시간 동안 제자리였습니다. 저희의 일을 도와주시던 형들이 해 주시던 말씀 너희를 다 이해할 순 없지만 마음이 많이 아프다. 아무리 열심히 해도 친구들을 따라가기 어렵다는 생각이 들었고 저의 자신감 자존감은 크게 아파했습니다. 함께 하는 것이 고맙고 서로에게 도움이 되고 싶다는 마음이 우리의 할 일이 무엇인지 자연스럽게 알게 해줬습니다. 진 미래의 청년 여러분 미래가 되어 우리가 서로 청년과 어른으로 마주하게 되어도 이쪽이 맞는 길이다.,"강 대변인은 BTS가 19일 청와대에서 열린 청년의날 행사에 참석한 것을 두고 BTS가 청년 대표로 나서 이정표 없는 아티스트의 길을 어떻게 걸어왔는지 오기와 패기 열정과 독기로 예측할 수 없는 길을 나섰다는 메시지를 또래 청년들에게 불어넣어 준 자리라고 평가했다.
저희는 오늘 미래의 주인공이 되어있을 그 날의 청년 분들께 메시지를 전해보려고 합니다.
만약 미래의 삶에서 여러 가지 이유로 어려움을 겪고 계시다면 2020년 저희의 이야기가 작은 힘이 되기를 바랍니다."
중앙일보,2020-10-07,아미도 냅두라는데BTS 병역특례 2년만에 다시 띄우는 ,   BTS를 병역특례 해주자는 입장이 아니다. 순수예술인은 특례대상인데 대중예술인은 아닌 것에 대한 형평성 문제 사례로 제기한 것이다2018년 안민석 문체위원장 인터뷰   연 6조원 경제효과가 있는 BTS 병역특례를 진지하게 논의해야 한다. 모두가 반드시 총을 들어야 하는 건 아니다.5일 노웅래 더불어민주당 최고위원  BTS 병역문제가 재점화 됐다 . 이번엔 팬들이 아닌 집권 여당이 불을 붙였다. 전날 민주당 최고위원회의에서 이 문제를 공론화한 노웅래 의원은 6일 라디오에서 BTS에 대해 병역특례를 주는 것을 공론화해봐야 한다. 대체 복무를 하며 국위선양을 할 수 있도록 다른 방식으로 복무하도록 해야 한다고 다시 말했다. 그러면서  손흥민 선수도 맹활약하고 있다. 손 선수도 병역특례 조항에 들어가 있다 초선 의원도 가세했다. 병역특례 대신 입영을 30세까지 연기하는 내용의 병역법 개정안을 발의한 같은 당 전용기 의원은 이날 라디오에서  47년 된 병역법 개정이 필요하다며 20대만 꽃 피울 수 있는 새 직업군이 생기는데 현 병역법으로 대응할 수 없다  BTS 병역특례 지금 다시 논의하는 이유는  BTS 병역 문제가 처음 화두로 떠오른 건 2018년 자카르타 아시안게임 때였다. 당시 야구대표팀은 실력이 부족한 몇몇 선수가 병역 특례를 위해 선발됐다는 논란에 휩싸이면서 금메달을 목에 걸고도 비판을 받았다. 운동선수들에게 과도한 병역 특혜가 주어진다는 비판과 함께 대중의 시선은 당시 빌보드200 첫 1위를 달성했던 BTS에도 쏠렸다. 국위선양하는 BTS는 왜 군대 가야 하나는 주장도 제기됐지만 법 개정까지 이어지진 못했다. 이번에 재차 화제가 된 것 역시 지난 8월 말 BTS의 빌보드 싱글차트 1위와 무관치 않다. 문 대통령은 당시 축하 글을 SNS에 올렸고 지난달 19일 청와대에서 열린 청년의날 행사에 BTS를 초청했다. 당시 청와대는   문 대통령은 BTS의 팬 이라며 노래와 춤을 모두 좋아한다고 전했다. 6일 마감된 BTS 소속사  빅히트엔터테인먼트 공모주 청약이 606대1의 높은 경쟁률을 기록한 점도 관심이 커진 이유다. 노웅래 의원은 이날 라디오에서  시의성이 있어 문제 제기를 다시 해야겠다고 생각했다 고 말했다. 국민적 관심이 커진 지금이 논의하기에 적절한 시점이라는 취지였다.  이낙연 정치권 마음대로 번지지 않았으면 여권이 논의에 나서면서 병역법 개정 여부도 관심이 쏠린다. 현재 병역법에선 전문연구 산업기능예술체육요원을 대체복무 대상으로 규정하고 있지만 대중문화 예술인은 포함되지 않는다. 2019년 병역 대체복무제도 개선방안을 발표한 국방부는  대중예술에는 콩쿠르 같은 기준이 없고 대중음악 분야만 대체복무 혜택을 부여할 경우 영화드라마 등과의 형평성 논란이 벌어질 수 있다 당 지도부는 신중한 모드다. 이낙연 민주당 대표는 이날 국회에서 열린 문화예술계 긴급현안 간담회에서   국민께서 어떻게 받아들이실지 또 본인들이 그것을 굳이 원하시지 않는데 정치권에서 먼저 말을 꺼내는 건 어떨까 싶은 조심스러운 생각 이라고 했다. 그러면서   그런 논의가 정치권 마음대로 번져가지 않았으면 한다 국회 소관 상임위는 문화체육관광위다. 도종환 문체위원장 측 관계자는 위원장은 병역을 연기하는 데에는 동의하지만 병역특례까지는 충분한 논의가 필요하다는 입장이라고 말했다. 김종철 정의당 대표 후보는 지난 5일 BTS 병역 특례 문제에 대해 아미BTS 팬클럽로서 반대한다며 다른 청년들과의 형평성 문제가 크게 제기돼 불필요한 논란에 휩싸일 수 있다고 말했다. 최대 변수는 20대 여론이라는 평가다. 병역 특례는 인화성이 높은 탓에 자칫하면 역풍이 불 수 있어서다. 24세 최연소 민주당 지도부인 박성민 최고위원은 이날 라디오에서  본인들이 적극적으로 병역을 성실하게 하겠다고 밝힌 상황 속에서는 구태여 정치권에서 부담을 주는 게 맞나라는 생각을 한다 애매모호한 기준에 맞춰 병역특례 범위를 늘려가는게 형평성에 부합하지 않다는 주장도 나온다. 신종우 한국국방안보포럼 사무국장은 라디오에서 미술 국제대회 1위 때 특례를 받을 수 있는 순수예술의 기준범위 문제를 언급하며 이런 문제를 연구해서 제도화할 정도로 법안을 만드는게 쉽지 않다. 현재 병역자원이 많이 부족해 대체복무인원도 감축하는 추세이기 때문에 빌보드 성적만으로 대체복무를 해야한다는 주장은 맞지 않다고 말했다.,https://news.naver.com/main/read.nhn?mode=LSD&mid=sec&sid1=100&oid=025&aid=0003041163,순수예술인은 특례대상인데 대중예술인은 아닌 것에 대한 형평성 문제 사례로 제기한 것이다2018년 안민석 문체위원장 인터뷰   연 6조원 경제효과가 있는 BTS 병역특례를 진지하게 논의해야 한다. 노웅래 의원은 이날 라디오에서  시의성이 있어 문제 제기를 다시 해야겠다고 생각했다 고 말했다. 이낙연 정치권 마음대로 번지지 않았으면 여권이 논의에 나서면서 병역법 개정 여부도 관심이 쏠린다. 24세 최연소 민주당 지도부인 박성민 최고위원은 이날 라디오에서  본인들이 적극적으로 병역을 성실하게 하겠다고 밝힌 상황 속에서는 구태여 정치권에서 부담을 주는 게 맞나라는 생각을 한다 애매모호한 기준에 맞춰 병역특례 범위를 늘려가는게 형평성에 부합하지 않다는 주장도 나온다. 현재 병역자원이 많이 부족해 대체복무인원도 감축하는 추세이기 때문에 빌보드 성적만으로 대체복무를 해야한다는 주장은 맞지 않다고 말했다.,"전날 민주당 최고위원회의에서 이 문제를 공론화한 노웅래 의원은 6일 라디오에서 BTS에 대해 병역특례를 주는 것을 공론화해봐야 한다.
노웅래 의원은 이날 라디오에서  시의성이 있어 문제 제기를 다시 해야겠다고 생각했다 고 말했다.
김종철 정의당 대표 후보는 지난 5일 BTS 병역 특례 문제에 대해 아미BTS 팬클럽로서 반대한다며 다른 청년들과의 형평성 문제가 크게 제기돼 불필요한 논란에 휩싸일 수 있다고 말했다."
경향신문,2020-10-13,병무청 대중문화우수자 병역 연기 입법 추진확정시 BTS 연기 가능, 병무청이 13일 대중문화예술 분야 우수자의 병역 징집소집 연기 등을 담은 병역법 개정안을 정부 입법으로 추진 중이라고 밝혔다. 입법이 확정돼 시행되면 한국 가수 최초로 빌보드 메인 싱글차트 1위에 오른 방탄소년단BTS 등의 병역도 연기가 가능해질 것으로 보인다. 병무청은 이날 국회 국방위원회 국정감사 업무보고 자료를 통해 대중문화예술 분야 우수자의 징소집 연기 등을 골자로 하는 병역법 개정을 추진 중이라고 밝혔다. 병무청은 전용기 더불어민주당 의원이 대표 발의안 병역법 개정안에 대해 긍정적으로 검토한다는 의견을 국회에 제출할 것으로 알려졌다. 앞서 전 의원은 지난달 문화체육관광부 장관이 국가 위상과 품격을 높였다고 인정해 추천한 대중문화예술 분야 우수자도 징집 소집 연기가 가능하도록 하는 내용으로 병역법 개정안을 대표 발의한 바 있다. 이에 병무청은 문화체육부 장관 추천자에 대해 연기하되 품위를 손상한 자에 대해서는 연기 취소한다는 정부안을 마련할 것이라며 대중문화예술 활동 보장으로 국가 이미지를 제고하자는 취지라고 설명했다. 병역법 개정안이 확정되면 BTS 멤버들에 대한 병역특례는 인정되지 않지만 징집 및 소집 연기는 가능할 전망이다. 지난 7일 서욱 국방부 장관도 국방위 국감에서 여러 가지 사회적 공감대가 형성돼야 하는데 현재 판단으로는 병역 특례를 고려하고 있지 않다면서 활동 기간들을 고려해서 연기 정도는 검토를 같이해나가는 것도 의미가 있다고 판단하고 있다고 답했다. 다만 병무청은 대중문화예술 분야 예술 요원의 병역 특례 편입을 제외한다는 방침은 계속 유지하고 있다. 앞서 정부는 지난해 11월 국무총리실 주관으로 국정현안점검조정회의를 열고 대중문화 예술 분야의 예술 요원 편입은 대체복무 감축 기조 병역의무 이행의 공정성형평성을 제고하려는 정부의 기본 입장과 맞지 않아 제외하기로 결정한 바 있다. 현행 병역법령에 따르면 올림픽 3위 이상 입상자 아시안게임 1위 입상자 국제예술경연대회 2위 이상 입상자 국내예술경연대회 1위 입상자 등에 한 해서 예술체육요원보충역으로 편입하도록 했다. 예술 요원 편입이 인정되는 국내외 경연대회는 병무청 훈령으로 정해져 있다.,https://news.naver.com/main/read.nhn?mode=LSD&mid=sec&sid1=100&oid=032&aid=0003037095,병무청이 13일 대중문화예술 분야 우수자의 병역 징집소집 연기 등을 담은 병역법 개정안을 정부 입법으로 추진 중이라고 밝혔다. 입법이 확정돼 시행되면 한국 가수 최초로 빌보드 메인 싱글차트 1위에 오른 방탄소년단BTS 등의 병역도 연기가 가능해질 것으로 보인다. 앞서 전 의원은 지난달 문화체육관광부 장관이 국가 위상과 품격을 높였다고 인정해 추천한 대중문화예술 분야 우수자도 징집 소집 연기가 가능하도록 하는 내용으로 병역법 개정안을 대표 발의한 바 있다.,"병무청이 13일 대중문화예술 분야 우수자의 병역 징집소집 연기 등을 담은 병역법 개정안을 정부 입법으로 추진 중이라고 밝혔다.
병무청은 이날 국회 국방위원회 국정감사 업무보고 자료를 통해 대중문화예술 분야 우수자의 징소집 연기 등을 골자로 하는 병역법 개정을 추진 중이라고 밝혔다.
앞서 전 의원은 지난달 문화체육관광부 장관이 국가 위상과 품격을 높였다고 인정해 추천한 대중문화예술 분야 우수자도 징집 소집 연기가 가능하도록 하는 내용으로 병역법 개정안을 대표 발의한 바 있다."
중앙일보,2020-10-13,중국엔 정치적 지뢰 있다BTS 지우기에 깜짝 놀란 외신, 방탄소년단BTS의 밴플리트상 수상 소감을 두고 중국발 논란이 커지면서 주요 외신들도 주목하고 나섰다. 특히 일부 중국 네티즌들의 국가 존엄을 건드렸다는 주장에 삼성전자와 현대차 등 국내 기업이 BTS 지우기에 나서자 외국 브랜드들이 민족주의로 위험에 빠진 사례라는 보도도 나왔다. 영국 파이낸셜타임스FT는 12일현지시간 이번 논란은 중국 내 외국 브랜드들이 강해지는 민족주의로 인해 직면한 위험을 보여준다고 평가했다. 이어 이전에도 외국 기업들이 대만과 홍콩 티베트 등 정치적 사안에 휩쓸려 중국의 민족주의로 어려움을 겪었다며 갭과 미국프로농구NBA 메르세데스벤츠가 베이징에 투항했다는 비판을 들으면서까지 중국 소비자에게 사과할 수밖에 없었다라고 보도했다. 미국 의류 업체 갭Gap은 지난 2018년 대만이 빠진 중국 지도가 담긴 티셔츠를 팔다가 하나의 중국에 반한다는 중국 누리꾼들의 거센 비난에 공식 사과했다. 또 해당 티셔츠를 중국에서 전량 회수해 폐기 조치까지 해야 했다. NBA는 지난해 휴스턴 로키츠 단장이 홍콩의 송환법 반대 시위를 옹호하는 발언으로 중국에서 1년 동안 경기 중계가 중단되는 어려움을 겪었다. 독일의 메르세데스벤츠도 2018년 티베트의 정신적 지도자 달라이 라마의 발언을 SNS에 인용했다가 중국 내 거센 비난에 중국을 존중한다며 사과했다. FT는 한국 기업은 이미 사드THAAD 고고도미사일방어 체계의 한반도 배치로 중국의 불매운동과 규제 장벽에 어려움을 겪고 있다며 BTS와 관련한 이번 문제는 이미 어려움을 겪고 있는 한국 기업에 새로운 타격이라고 전했다. 미국 뉴욕타임스NYT도 10일 BTS는 공공연한 도발보다는 진심 어린 포용성으로 잘 알려진 인기 그룹으로 수상 소감은 악의 없는 말 같았다며 하지만 중국 네티즌은 지체 없이 그들을 공격하는 글을 올렸다고 평가했다. 이어 중국에서 조국보다 중요한 아이돌은 없다와 BTS가 중국을 모욕했다는 해시태그가 유행하고 있다고 전했다. 신문은 BTS는 중국 정부와 소비자의 반대편에 선 많은 외국 기업과 유명 인사의 가장 최신 사례라며 NBA 등 중국의 불매운동으로 피해를 본 사례를 열거했다. 로이터통신은 이날 중국의 BTS 공세로 삼성 등 대기업들이 BTS와 거리를 둔 것으로 보인다며 이번 논란은 세계 2위의 경제 대국인 중국에서 대형 브랜드들이 마주할 수 있는 정치적 지뢰를 보여준다고 지적했다. 미국 월스트리트저널은 빅히트 엔터테인먼트가 지정학적 갈등에 휩쓸릴 위험이 있다며 환구시보의 BTS 비판 보도를 소개했다. BBC는 웨이보의 중국 누리꾼과 달리 많은 트위터 사용자는 BTS가 수상 소감에서 중국을 직접 언급하지 않았다며 옹호하고 있다고 보도했다. 앞서 지난 7일 한미 관계에 공헌한 인물단체에 주어지는 밴플리트상 온라인 시상식에서 BTS의 리더 RM본명 김남준은 올해 행사는 한국전쟁 70주년을 맞아 의미가 남다르다며 우리 양국our two nations이 겪은 고난의 역사와 수많은 남녀의 희생을 영원히 기억할 것이라고 밝혔다. 이에 민족주의 성향의 중국 환구시보는 BTS의 수상 소감에 중국 누리꾼들이 화가 났다고 보도했다. 중국 네티즌들이 한국과 미국을 의미하는 양국이라는 단어 사용에 한국전쟁 당시 중국 군인의 희생을 무시했다며 문제를 제기했다는 것이다. 한편 방탄소년단의 수상 소감에 중국 네티즌이 분노했다고 전했던 환구시보 기사는 13일 해당 홈페이지에서 삭제됐다. 자오리젠 중국 외교부 대변인은 12일 정례 브리핑에서 BTS의 발언이 중국의 국가 존엄과 관련된다는 주장을 어떻게 생각하는지에 대한 질문을 받고 관련 보도와 중국 누리꾼들의 반응을 주목하고 있다며 역사를 거울삼아 미래를 향하고 평화를 아끼며 우호를 도모하는 것은 우리가 함께 추구하고 노력해야 할 가치고 말했다.,https://news.naver.com/main/read.nhn?mode=LSD&mid=sec&sid1=104&oid=025&aid=0003042817,방탄소년단BTS의 밴플리트상 수상 소감을 두고 중국발 논란이 커지면서 주요 외신들도 주목하고 나섰다. 로이터통신은 이날 중국의 BTS 공세로 삼성 등 대기업들이 BTS와 거리를 둔 것으로 보인다며 이번 논란은 세계 2위의 경제 대국인 중국에서 대형 브랜드들이 마주할 수 있는 정치적 지뢰를 보여준다고 지적했다. 중국 네티즌들이 한국과 미국을 의미하는 양국이라는 단어 사용에 한국전쟁 당시 중국 군인의 희생을 무시했다며 문제를 제기했다는 것이다. 한편 방탄소년단의 수상 소감에 중국 네티즌이 분노했다고 전했던 환구시보 기사는 13일 해당 홈페이지에서 삭제됐다.,"이어 이전에도 외국 기업들이 대만과 홍콩 티베트 등 정치적 사안에 휩쓸려 중국의 민족주의로 어려움을 겪었다며 갭과 미국프로농구NBA 메르세데스벤츠가 베이징에 투항했다는 비판을 들으면서까지 중국 소비자에게 사과할 수밖에 없었다라고 보도했다.
이어 중국에서 조국보다 중요한 아이돌은 없다와 BTS가 중국을 모욕했다는 해시태그가 유행하고 있다고 전했다.
로이터통신은 이날 중국의 BTS 공세로 삼성 등 대기업들이 BTS와 거리를 둔 것으로 보인다며 이번 논란은 세계 2위의 경제 대국인 중국에서 대형 브랜드들이 마주할 수 있는 정치적 지뢰를 보여준다고 지적했다."
경향신문,2020-11-25,방탄소년단 또 새 역사 썼다그래미상 베스트 팝 그룹 퍼포먼스 후보, 그룹 방탄소년단BTS이 미국 최고 권위 음악시상식인 그래미 어워즈 후보에 올랐다. 한국 대중음악사상 처음이다. 그래미 어워즈를 주관하는 미국 레코딩 아카데미는 25일 방탄소년단의 다이너마이트를 제63회 그래미 어워즈 베스트 팝 듀오그룹 퍼포먼스Best Pop DuoGroup Performance 부문 후보로 발표했다. 국내 클래식이나 국악 관계자가 그래미 후보에 오르거나 수상한 적은 있었지만 한국 대중음악의 후보 지명은 방탄소년단이 최초다. 방탄소년단은 이로써 3대 음악시상식에서 모두 후보에 올랐다. 방탄소년단은 그래미에 앞서 아메리칸 뮤직 어워즈AMAs와 빌보드 뮤직 어워즈BBMAs에서는 이미 각각 3년과 4년 연속 수상했다. 방탄소년단은 제63회 그래미 어워즈에서 제이 발빈두아 리파배드 버니타이니의 언 디아 저스틴 비버와 퀘이보의 인텐션스 레이디 가가와 아리아나 그란데의 레인 온 미 테일러 스위프트와 본 이베어의 엑사일과 함께 베스트 팝 듀오그룹 퍼포먼스 후보로 이름을 올렸다. 베스트 팝 듀오그룹 퍼포먼스는 그래미 팝 장르 세부 시상 분야 중 하나로 2012년 신설됐다. 듀오 또는 그룹 컬래버레이션 형태로 팝 보컬이나 연주 퍼포먼스에서 뛰어난 예술적 성취를 거둔 뮤지션에게 준다. 그동안 래퍼 릴 나스 엑스와 빌리 레이 사이러스의 올드 타운 로드 리믹스2020년 레이디 가가와 브래들리 쿠퍼의 셸로2019년 미국 록밴드 포르투갈. 더 맨의 필 잇 스틸2018년 미국 듀오 트웬티 원 파일럿츠의 스트레스드 아웃2017년 등이 상을 받았다. 4대 본상제너럴 필드이 아니라 장르 부문에 해당하지만 그래미의 중요한 부문 중 하나로 꼽히며 아시아권 가수가 후보에 오른 적도 없었다. 이번 그래미 어워즈는 지난해 9월1일부터 올해 8월31일까지 발표된 작품이 심사 대상이다. 8월 말까지 후보를 제출받은 뒤 9월30일부터 10월12일까지 투표권이 있는 레코딩 아카데미 회원들이 후보 선정을 위한 1차 투표를 했다. 이어 다음 달 7일부터 내년 1월4일까지 수상자를 가리기 위한 최종 투표가 이뤄진다. 수상자는 미 현지시간으로 내년 1월31일 개최되는 제63회 그래미 어워즈 시상식에서 발표된다. 방탄소년단은 이날 그래미 어워즈 후보 발표 직후 공식 트위터에 올린 글에서 힘든 시기 우리의 음악을 들어주시고 공감해주신 모든 분들께 감사하다고 말했다. 또 무엇보다 그래미 후보 아티스트라는 기적을 만들어주신 건 아미 여러분이다. 늘 감사하고 사랑한다고 말했다. 방탄소년단은 그래미 후보 발표 생중계 방송을 시청하는 뷔 정국 RM 지민의 모습이 담긴 동영상도 트위터에 올렸다. 초조한 모습으로 방송을 지켜보던 멤버들은 방탄소년단의 다이너마이트가 후보로 호명되자 제자리에서 벌떡 일어나 소리를 지르며 기뻐했다. 뷔는 믿기지 않는 듯 고개를 좌우로 흔들었고 정국은 브릴리언트brilliant라 외치며 환호했다.,https://news.naver.com/main/read.nhn?mode=LSD&mid=sec&sid1=103&oid=032&aid=0003045015,그룹 방탄소년단BTS이 미국 최고 권위 음악시상식인 그래미 어워즈 후보에 올랐다. 그래미 어워즈를 주관하는 미국 레코딩 아카데미는 25일 방탄소년단의 다이너마이트를 제63회 그래미 어워즈 베스트 팝 듀오그룹 퍼포먼스Best Pop DuoGroup Performance 부문 후보로 발표했다. 이어 다음 달 7일부터 내년 1월4일까지 수상자를 가리기 위한 최종 투표가 이뤄진다. 방탄소년단은 그래미 후보 발표 생중계 방송을 시청하는 뷔 정국 RM 지민의 모습이 담긴 동영상도 트위터에 올렸다.,"그래미 어워즈를 주관하는 미국 레코딩 아카데미는 25일 방탄소년단의 다이너마이트를 제63회 그래미 어워즈 베스트 팝 듀오그룹 퍼포먼스Best Pop DuoGroup Performance 부문 후보로 발표했다.
방탄소년단은 제63회 그래미 어워즈에서 제이 발빈두아 리파배드 버니타이니의 언 디아 저스틴 비버와 퀘이보의 인텐션스 레이디 가가와 아리아나 그란데의 레인 온 미 테일러 스위프트와 본 이베어의 엑사일과 함께 베스트 팝 듀오그룹 퍼포먼스 후보로 이름을 올렸다.
방탄소년단은 이날 그래미 어워즈 후보 발표 직후 공식 트위터에 올린 글에서 힘든 시기 우리의 음악을 들어주시고 공감해주신 모든 분들께 감사하다고 말했다."
